event_type,timestamp,correlation_id
SensorAcknowledged,7052063618183691312,482294994972055444
SensorOff,14390208424355603598,13974057350765152672
SensorOff,1747764681346503998,3739933116273321643
SensorAcknowledged,1061805209963643813,8218090369367614912
SensorOff,6543155808396909384,224291648412208030
SensorAcknowledged,3804495936061742928,15886854698009316524
SensorOff,2728093401720374561,3043105619564296943
SensorAcknowledged,12898123018836059390,2496292169218247178
SensorAcknowledged,1238413830993076405,6938060016888503952
SensorOff,3287895221099488070,1695675422303539242
SensorAcknowledged,8055352205712314625,375572135014299620
SensorAcknowledged,14400226660094979594,2239150088112443813
SensorOff,6257937755841308535,6944118004116084907
SensorTriggered,9513894631323609310,16727106040775387242
SensorOff,16714048088358792731,13944086662262696999
SensorOff,16238671460446213622,16450826708207910419
SensorAcknowledged,11717280374547393264,13091823564181314763
SensorAcknowledged,13778041539332026307,14886261999311319073
SensorAcknowledged,14741512494476119826,3201118516810354929
SensorAcknowledged,16437928818652018702,1231794050805006440
SensorOff,10267109547856025308,10678229738811691122
SensorOff,18333992946105998814,3772435838916737631
SensorAcknowledged,12312142311611600199,4292531643313272549
SensorOff,6442847301586095625,16951567154628604052
SensorOff,7254837291227025573,10467185813865205399
SensorTriggered,6337807020687259025,1807751773459324601
SensorOff,4441425191090436845,4796440974680191620
SensorTriggered,17616551074440788500,12194895572071066793
SensorOff,4037912840918944700,9264424392406799268
SensorAcknowledged,16995930916698732030,1375143186693805240
SensorAcknowledged,6830368336003316922,4834425526024546737
SensorAcknowledged,5539635549264964179,13589515133757123278
SensorOff,5716897263353323373,16257438948022808886
SensorTriggered,3562691144186865540,14977513276123642126
SensorOff,10042654627859154174,15562848669955303566
SensorOff,8117219273770346495,7973846889869526311
SensorAcknowledged,13131044662871671423,10382785862116342086
SensorOff,12247367508230568146,1005885965158325374
SensorTriggered,5784520572855882280,15665094713993305012
SensorAcknowledged,4911027822380011800,13848424414252034772
SensorAcknowledged,4107053464118157630,7195819661276823821
SensorOff,18254398601584438042,16218495183360102956
SensorTriggered,5872195425434631499,13420212751469886720
SensorOff,10868335678414011197,7621043960573373759
SensorAcknowledged,5259140930759283307,12508010324997990457
SensorAcknowledged,1334905289324322426,17558797369943443229
SensorOff,13285441857437474307,808878505217798790
SensorOff,17830693146012803009,608279463506863857
SensorAcknowledged,220232542679181181,10030764616018651616
SensorOff,16126879545307883288,3257848127949203116
SensorAcknowledged,12519131475086941144,2777596042729673609
SensorOff,4719603196694035577,2036361566287212564
SensorOff,768288606206672571,10900147102008831236
SensorOff,6613647988516161917,12120501916850484301
SensorOff,16309002387512777076,16525862088034360842
SensorOff,8464484282073276329,10652255653814272113
SensorTriggered,2386095753581416277,12960825126093995273
SensorOff,4866156687910818762,11760244337627861949
SensorTriggered,5596653861836819473,9751372575577665895
SensorTriggered,3312767884136868001,4593163897095916252
SensorAcknowledged,7482606870720062078,1001343658677285113
SensorOff,4192703911175643121,10007609814629120670
SensorTriggered,14483553660958663413,1254900980887616059
SensorTriggered,1653086914449849581,7672758132018683841
SensorOff,15336060638515010681,5101354475626053214
SensorOff,13534694013145645836,9164345644182638617
SensorOff,17524097228644282509,8204408514431127853
SensorTriggered,733742108141446092,8680926439664878681
SensorOff,13901708760282681194,9279708087167893175
SensorOff,6793138979468758779,11180080558192956965
SensorOff,9222280769764510383,7536722236350868879
SensorTriggered,11212142288083747309,14957848910404975965
SensorTriggered,17342824427640577902,10691758128618866357
SensorOff,1145186740355835995,2113761796824507929
SensorOff,9323931193354791021,675484053210863962
SensorOff,18295610986179032248,14800855835657261461
SensorOff,17143108685241343630,5233107583209897492
SensorAcknowledged,13755481107273530563,5660696726721706730
SensorAcknowledged,990872141256728064,11496253515815300113
SensorTriggered,8002172103815319546,15358985730017297915
SensorAcknowledged,16112937962951278685,4725076698913364730
SensorOff,13268119726585489361,9418217604723632695
SensorOff,16584496929197253720,2846070389068841011
SensorTriggered,15898344350438281474,4127812869166330781
SensorOff,14994417931115412594,2713866938315466106
SensorAcknowledged,2211252251162766372,3590373534200925402
SensorOff,18372957985946680511,10523819896562185793
SensorAcknowledged,14857451563369816064,8266352161672711379
SensorOff,9388498821299381199,2615161102978783319
SensorAcknowledged,3996833142299180857,8741923730814814324
SensorOff,14997725265257312024,1045133471645041846
SensorTriggered,3551585552347996059,5779076894432224925
SensorOff,16059240523284271984,15043436669649234111
SensorOff,14337886113095101306,652119217978809246
SensorAcknowledged,16385179977732601345,9604042813139088596
SensorOff,12163867670148716908,6217810993086155848
SensorOff,10404415448643281331,10623690584299714180
SensorOff,11845386322068151938,1067388750120630693
SensorAcknowledged,9291052222106099721,6552428079236804943
SensorTriggered,6037371120406589219,8065904716794408394
SensorOff,10960871408906596269,10569770338105989124
SensorTriggered,1193757872483439728,492970468890846968
SensorOff,13571187318278988943,8733437334321856941
SensorTriggered,6687740145258508377,13348647241111542112
SensorOff,14658729334376608199,4291427568561221679
SensorTriggered,10314011576983412934,9959390939247239343
SensorOff,6897819293255177698,17173400392052817257
SensorOff,6900385306735711468,6906447857546363228
SensorOff,17839881143352317159,10554263848782863434
SensorOff,14868990075704094596,3539735067697033912
SensorTriggered,5130428502185081468,5287095774162923915
SensorTriggered,7334233366422443326,15652111576799508303
SensorOff,11354774834724992914,11760545008635963746
SensorOff,4285160438147741596,15121656042199344659
SensorTriggered,6414387550497845017,12816090488619967958
SensorAcknowledged,17946124662793147373,13711652203951919824
SensorTriggered,7388327838920025912,17641973438962725205
SensorTriggered,18418591289168698039,18430606426081984104
SensorOff,1327243351323718686,2962626361164730541
SensorOff,12402755883780662712,12334645527718409629
SensorOff,12384619582661224399,15208652877541258420
SensorOff,12260155403851611936,4250107880844433603
SensorOff,11164974039160893078,8533573990215915571
SensorAcknowledged,7480989828013727375,1147903420835312951
SensorOff,4085907780737947105,13472501166872327665
SensorTriggered,6657265569384566264,7629487067214630237
SensorTriggered,15815141928197646349,2264160230212799140
SensorOff,2836204571490865191,7229146362412103354
SensorOff,12296259949477127725,8009755390694203182
SensorAcknowledged,4958683731805233876,14450777500110735969
SensorOff,14242115796363589578,4895196124997978855
SensorAcknowledged,1283342085770094889,4748793305033706123
SensorOff,5434245037921158011,5319184295075333930
SensorOff,11098416368131041795,5672255087193507782
SensorAcknowledged,9524638086728786716,17951492404677585936
SensorOff,18250148753903970080,15525509219475330851
SensorOff,5816064059889113369,9019565487183802775
SensorAcknowledged,17867534587241170433,13575401466217634627
SensorAcknowledged,2295799140202364847,13057645407196540079
SensorTriggered,10499936175754365291,7384454926492049228
SensorTriggered,1621410656623288195,10317482586254527464
SensorOff,243589776569034297,5280102701277472708
SensorTriggered,17736563445771624457,12615226441937587407
SensorOff,9350239412897794505,5377645398960060108
SensorTriggered,1088014132741302772,13660886470113516776
SensorOff,7941731702124062557,13338422909968117830
SensorAcknowledged,3743431050987996227,2683368929247086806
SensorAcknowledged,9380916111188998787,4485894400497407064
SensorOff,14000011381796795246,8259024421045611713
SensorAcknowledged,13356206737210246753,12184990745509891361
SensorAcknowledged,822595680331901458,18180842721492877370
SensorOff,11035607934199763135,9829363031430894617
SensorOff,12915557398985277300,14858759979617591731
SensorTriggered,13664255944374352555,10083835569672231596
SensorTriggered,18303203402723495481,16878880548288886323
SensorAcknowledged,12608461065963720630,12901563684864106369
SensorTriggered,10879982869420895805,4647389086312725442
SensorAcknowledged,12700340789717971061,15453161060469177293
SensorOff,13281712190758137030,5872203517084916834
SensorOff,11955608700067031487,9209631726996515750
SensorOff,648621400785522253,811854991293767154
SensorTriggered,16380784901204836207,4800518238228661772
SensorOff,16274059559985613191,16661047049236832908
SensorOff,7743865166791527099,9381097197211747245
SensorTriggered,3129222615549619773,7613736417932175911
SensorOff,9688372888814808931,10099716776094782980
SensorAcknowledged,10709828206172701951,155392154847725197
SensorOff,11275472614708519636,5027396537505365670
SensorAcknowledged,6992118556997570735,11555373054445377826
SensorOff,5265238970768145148,6683686409700150543
SensorAcknowledged,4162229380392341586,528033624279628257
SensorTriggered,6092535855312558324,2764585889197126975
SensorOff,269827023047495417,17960764290241087232
SensorAcknowledged,14245241858502885833,12225163674557337892
SensorOff,13283552340328043168,18439317864037755252
SensorOff,6854022621862599360,11861318370200308526
SensorTriggered,16990193984064986397,12031805091899882643
SensorOff,2977367840968310996,1159867737132736374
SensorAcknowledged,1581965479062669439,17082273577645526055
SensorTriggered,367657052833237641,2166092804479715996
SensorAcknowledged,15965810128592103795,15892351274793221761
SensorTriggered,17875464344096935085,581204117660710019
SensorTriggered,14515862933456533809,1008200613964555727
SensorTriggered,11772400441008658524,7954804085205533579
SensorOff,6815116234125282443,11804749652604941003
SensorAcknowledged,8785555154137376889,4579835766827313594
SensorTriggered,12301586635029083620,1859176004695184795
SensorOff,16454298744475488066,4612326582086312900
SensorTriggered,1421332049745720426,17132105736318070570
SensorAcknowledged,2990939487729287960,4293637137390518202
SensorTriggered,1607620789709441698,6794622051276563774
SensorOff,7428424547203805041,16353996624304994856
SensorTriggered,3252180936647824874,13103630616840943598
SensorOff,3504530844166982702,14749371037941549215
SensorAcknowledged,14760408553236040718,17742041078268892138
SensorOff,14096512541780836808,9798442521673920554
SensorAcknowledged,1536804225739288022,5228251650323682447
SensorOff,17485053065659256464,17792325999824759811
SensorOff,6063436312497361732,8920966919908303032
SensorTriggered,5739075452165243340,14410993971839302810
SensorTriggered,5038685907733810467,5682199614537979991
SensorOff,3017204441240023135,12998866250537654474
SensorAcknowledged,9816559753611248884,3759558878624722244
SensorAcknowledged,2818165794305659798,11544683597494396740
SensorOff,1071436603670783441,10149305903484017536
SensorOff,36499650554575884,8138345530998773380
SensorOff,17536429530788384209,9897135548773958759
SensorAcknowledged,16810680562109413595,8454470454683384910
SensorAcknowledged,14849254618551057446,8901666986997065856
SensorOff,9996571271528387049,2085199411485099845
SensorOff,16323637575397657189,15638400444608845473
SensorAcknowledged,2577243059005492731,4239366849068692649
SensorOff,11038839811030946709,10201503632621177922
SensorOff,5063455959480233723,4339413926799370620
SensorOff,18337907540640567401,12090261476534496186
SensorAcknowledged,11113594820391458767,17858916222753345861
SensorOff,13881942289042611009,6349904160775620789
SensorOff,12909608453904534868,9713875637422366927
SensorOff,575752565719218228,6937205373370605932
SensorOff,13087410814199139445,8464692533418645067
SensorOff,2721319128595704971,8060180757684659103
SensorOff,5040920944682746439,12479001546393563512
SensorAcknowledged,669424603649309374,10700091618876571259
SensorTriggered,16623620706438762365,13440888312989614015
SensorOff,13098166161254372959,16930087255941836963
SensorOff,15940513925779340696,980223571067708973
SensorTriggered,16219280689084879573,11403441823045068661
SensorOff,11241757736751378841,5541168543363727164
SensorOff,6308832444983126320,7123914957482909086
SensorOff,1130316547906476932,7361155486182053128
SensorTriggered,8952990819719020658,2802462702845836495
SensorAcknowledged,12121854916645236774,1595643687441730261
SensorOff,299955155617804309,8403446466848726760
SensorOff,9174369628069299691,9599376394917514155
SensorOff,11067671934048547302,2340491646025867277
SensorAcknowledged,3064258418276258995,2116072944983264746
SensorOff,10718826577759720923,7243627076542049011
SensorOff,3178941458966457818,13078443305717797169
SensorOff,12655842800628042588,9673208556382497721
SensorAcknowledged,11919729108197420035,1775723088221765077
SensorAcknowledged,17539626449675278512,175795846439560208
SensorTriggered,14426548127420742310,8805772756456062433
SensorTriggered,103127834862329565,11421989373100189548
SensorAcknowledged,13259097377065803828,4082129159662846879
SensorOff,8809239504846040308,1317240843029966141
SensorOff,8875480860579183299,16698090615393947859
SensorAcknowledged,3393912846848890288,14620989734755423464
SensorAcknowledged,7295082330906425719,15907277687673757212
SensorTriggered,6844150327426810356,1133369859389737195
SensorAcknowledged,8746539401384398656,15985839515468151756
SensorOff,12404760104296132870,8066755876519848930
SensorOff,14772281923270449677,7959078881661148565
SensorAcknowledged,5906649869816097959,8341301652439979039
SensorOff,14949868918066588843,5055265802551598657
SensorAcknowledged,6638811555128419807,13551305063965597270
SensorOff,16523055769424954775,16991039178871689954
SensorAcknowledged,12060205652774857701,11426013391680578547
SensorAcknowledged,6965072347403111290,2415029040543264913
SensorAcknowledged,3142847290345535615,11655952506198512310
SensorOff,661920646092764099,9916115203341174025
SensorOff,5007055286459314165,1374350857135450433
SensorTriggered,9221979397920829401,6358822737866510383
SensorAcknowledged,3651587782101641184,10995757699146509608
SensorOff,9768186671965722748,617818620128446374
SensorTriggered,13469553668383624712,8838377530135333500
SensorOff,17894992184091109076,3934089944708645662
SensorOff,5276669920247453770,203799860513751629
SensorOff,15003182507401197637,13377669800528652888
SensorOff,16524731839602869468,16756276134667139088
SensorTriggered,11627735915071042312,16708638167841680042
SensorOff,15132518037016316747,2824090482845225320
SensorOff,16888440625773189267,7961519045013607778
SensorOff,9645444838132425744,10539127821003691702
SensorOff,8449209863949849813,130273704954230577
SensorOff,3060052890901250562,10857442459989415536
SensorOff,6400097899306160771,17581162526286259434
SensorOff,2691603047043301121,6587507507762628171
SensorAcknowledged,2942110702009043679,12119000170834486782
SensorOff,4005742231970541498,9105289228693859907
SensorAcknowledged,16535533785364784666,8098359250577997505
SensorAcknowledged,9493986069802579074,4428561863019185483
SensorAcknowledged,12571312639179749674,10136786739407242557
SensorOff,5636014906045880064,704522855657182248
SensorOff,10507863540423447735,13825883930480235074
SensorAcknowledged,8135415986223002364,18087980761638589713
SensorAcknowledged,12929813960181152855,1227138501803596989
SensorTriggered,14551864562432961803,16757234286032375841
SensorTriggered,6157700530455894393,4240180956131475257
SensorOff,1183505094246636862,17801640163865271620
SensorOff,4102225142462297123,2043601977677350369
SensorOff,13438406109308144882,2342533669649094305
SensorOff,12408748912310301915,7998245056682428823
SensorOff,13145074436400724125,11876216199523136291
SensorOff,4169031859394191826,6317625084596898213
SensorOff,14820159398320146036,9931090104509716738
SensorOff,15455957546322641303,7689833442170481336
SensorOff,17023630830361622011,18128027788397583069
SensorOff,16668557865881423942,15845954697117106781
SensorTriggered,11660426590408288260,14317837412442939228
SensorOff,929615574342955820,9576873924543374047
SensorOff,11710569610725314003,4793921737543998830
SensorAcknowledged,11342590940730862034,11354063095368880393
SensorOff,9279049226648925572,1875222875155676601
SensorOff,11129966698736671995,16388415426347582368
SensorAcknowledged,4764794647642942255,3983081579870350526
SensorOff,8163057176422389106,13917085531594006180
SensorTriggered,5486101570636795582,12031778292165752875
SensorOff,642617468185569028,10921145394235135122
SensorAcknowledged,14722058826565709310,2668840953305548842
SensorOff,1279314277746016838,2055881835291052878
SensorOff,12437818707350767279,17852164888578122639
SensorTriggered,159924849718948873,4542995352687797613
SensorTriggered,5682688769870681422,8220222963055103191
SensorAcknowledged,359093457486758299,15379120586523813038
SensorOff,18362243844286268447,17804078727230680911
SensorTriggered,13032925040972680883,1732871421121995670
SensorOff,17032094490642706492,5816090404933008392
SensorTriggered,17583317431067406327,18058785229365785260
SensorTriggered,14855028540173954315,17586383584778361726
SensorAcknowledged,1370990505821310771,12758737750827916605
SensorTriggered,13892881317812291283,13032574336958753439
SensorTriggered,1561044432310716349,9244670792441939367
SensorAcknowledged,5473965057246481068,2007839610616015963
SensorAcknowledged,8844776804586402697,255790432098762755
SensorOff,13549494212210967897,16093492524265949292
SensorOff,4220972182470312978,15958271453577733408
SensorOff,14643761494457157914,7118506593675704471
SensorOff,18367449471988584793,11888033616287264243
SensorOff,10238785257814332489,1009548559335063296
SensorAcknowledged,14781361169466034377,9112923810237857564
SensorTriggered,11477999786920148974,5868166078419908994
SensorOff,14225421555049257409,17188697230202940922
SensorOff,15293822721897729815,2226548067274037600
SensorOff,2623613781706947613,8928938768754365487
SensorOff,7988079661664799133,1005428645992517028
SensorOff,604656874058981616,7813569667482135540
SensorAcknowledged,14289045108025578152,11951761907976011174
SensorOff,15572788085601590579,6507992384915365888
SensorOff,34517238352492370,15622978179426313067
SensorTriggered,5484212318054501610,17207402356399693153
SensorTriggered,11638485829598526939,13048840178053619512
SensorOff,9136594390739096031,3354661433018921066
SensorAcknowledged,12802412153205576140,5258432868036782271
SensorAcknowledged,1289300975866867997,14671623998123068555
SensorOff,15624153344868054628,14792529340149252804
SensorOff,10123233135855795461,13174279210294267105
SensorAcknowledged,6465415268117615228,1196192017859626946
SensorOff,6053607144736327834,16765511903526597255
SensorOff,5989452468918145940,2201512553227322668
SensorAcknowledged,17783085745010370496,12055569882933167998
SensorAcknowledged,15962225970775918190,15231214019061644873
SensorAcknowledged,6795696717511973855,12191108553331965485
SensorOff,13285574807253226675,3557890044334529693
SensorAcknowledged,16749408110612508096,1324901204478187398
SensorOff,14583717402469694835,5938925053032942568
SensorTriggered,15163205730744040247,8688107224447603484
SensorOff,12983320568693848817,18274192285900343863
SensorTriggered,7079709516569297487,11364584540993223272
SensorAcknowledged,17399040274912843971,8734090727268258570
SensorOff,8136635939680270476,9003616219795547454
SensorOff,16963968702089619565,16073870351159649052
SensorOff,11747547327505735998,14926497304122691495
SensorOff,9384102327972965733,1917308453207672581
SensorOff,11995431074102761555,7797422532677642511
SensorAcknowledged,3198941768593368261,10643286255026635580
SensorTriggered,10354787088030937776,8792084216371607711
SensorTriggered,1051863324781485636,3231146208478986385
SensorOff,15491638526645722502,2680148883176468188
SensorOff,18081701871383720867,4600923078475423242
SensorTriggered,11861631239387193008,1188422872060747443
SensorTriggered,9866429777955768896,1632114390585162547
SensorOff,481111433783035354,3112970423459253234
SensorOff,11832083629470156299,14561834826232693001
SensorOff,6259504414255042623,2454198015384842776
SensorAcknowledged,18323191655575036321,8344328929560428016
SensorOff,2772118623587424699,16489047289675480698
SensorAcknowledged,8921010152770346167,11018843293436711523
SensorOff,615882202614182353,3097866820201676739
SensorOff,16521155651443900417,10583843999142893924
SensorTriggered,7891440553962110982,12328347591531409897
SensorOff,14164019674244553243,2627156453671503825
SensorAcknowledged,3927034591618916614,10384486783760487809
SensorOff,9163094923692046159,8377784282519534584
SensorOff,2006993214765628734,15744194787237442810
SensorOff,1447652932448252890,11239417220529587126
SensorAcknowledged,8069764170825099447,9796386305900603732
SensorTriggered,3746673192180394730,16723508386326899923
SensorOff,13196410686091224878,3575365248376352514
SensorOff,1393481684107256164,15857766148320213230
SensorOff,5758533172486146634,576168380081032724
SensorOff,3947768752586194412,2140629044079046815
SensorOff,4512642081490061825,15250137215502400747
SensorTriggered,16274840849413821929,16877278950847579951
SensorAcknowledged,17655380327388552577,1419193019192735590
SensorAcknowledged,6560334756410395341,6304221608433555613
SensorOff,4192229128348186465,967613374160673729
SensorTriggered,14600015617399280088,5167965085052186804
SensorOff,10683159728248648924,4585115473043841810
SensorAcknowledged,13918434808549202236,7431990403800619939
SensorTriggered,2095134035743826357,2031436559986054283
SensorTriggered,1387300986537431635,3078195162051779370
SensorOff,7382214545981842404,5168224193344269921
SensorTriggered,10694355493814613266,122247503614794121
SensorAcknowledged,16619755562687983976,14698791304089587563
SensorAcknowledged,1594933258254144232,1992748943341973350
SensorTriggered,5443411131957130876,3694299982183815222
SensorOff,2199578140257457675,7898539614332885405
SensorTriggered,18168604223076331870,8402747077821687388
SensorOff,16506884809571364928,11388429799583178522
SensorOff,7267490973936486457,7181295259904612829
SensorOff,10010059441226675367,13630737442098061710
SensorAcknowledged,12635258909914903715,11153062513904579101
SensorOff,7562541777418996291,2920513837117694909
SensorOff,6726886053498474900,7833219449629816565
SensorOff,8777353650107421522,14828302455880368283
SensorOff,17576179374119588493,16211148791043335625
SensorOff,7973000160212877716,14482528245126401859
SensorOff,4827706153966649785,683709213021955320
SensorOff,8920189118258136853,527299083220690436
SensorAcknowledged,4523642526179106800,6441767330475720863
SensorOff,17675646593353663622,10499737768143909713
SensorOff,16575716380398039704,15080367899924010342
SensorAcknowledged,17524874152289995506,17701334120357968648
SensorTriggered,197334531324204654,5316170554305873044
SensorAcknowledged,11532892156398531176,71333741754282902
SensorOff,11072811795018624671,15031635146184229812
SensorOff,4534018348966856803,1363931365029573784
SensorAcknowledged,10773695491959602412,1996307554602644392
SensorOff,13621998003917776152,12416740389407182428
SensorTriggered,16954552011270484858,13434161160153298960
SensorAcknowledged,15343259984286256592,12869890336640633951
SensorAcknowledged,9783700633113824145,3176568771960225737
SensorOff,16604686379421845735,12837575827641812584
SensorAcknowledged,7411024657535900113,4538100986410651883
SensorAcknowledged,13242978069482325794,9324857408109377622
SensorOff,4122717996743812794,5172873651659192045
SensorTriggered,8099201369926129190,8445503262650401225
SensorOff,14515154853868278636,16748593733086362227
SensorTriggered,15202255178580703604,7113858908290183196
SensorOff,6788523929322035004,14694966237232617638
SensorAcknowledged,7382486739428244948,3591098856757392217
SensorAcknowledged,9022113046355446318,779609177791316954
SensorOff,12239892252724163184,10960944953619580285
SensorTriggered,12759875474970117653,13616931537578778713
SensorOff,6722771849778109690,11064057880340161778
SensorOff,18137412541339517777,17996029726875502035
SensorOff,17080703394488931651,3435528296859301328
SensorOff,10745131083195183633,805563101829750097
SensorOff,4735178432632304604,15241197621281739801
SensorAcknowledged,17832379554027483402,18036767207145904182
SensorOff,12318605982601923129,5087813979986623983
SensorTriggered,15586941495504465727,4286466349291938045
SensorAcknowledged,15089706268040389757,15255486254537857253
SensorTriggered,11921259243204700005,15269489099163067908
SensorOff,11345710259080819395,3856215278629963070
SensorOff,15090838735371599596,8074451996638132206
SensorOff,15735143282751002584,15571656963012664479
SensorOff,5994143970825111405,652176740410038254
SensorOff,10842504701174103463,17256180180045964757
SensorAcknowledged,916202925599971412,9902014775803803370
SensorOff,8790186435944961065,3394511503422732377
SensorTriggered,9791074845331726366,14229587283799693516
SensorOff,11335721863190622873,1883092231357915087
SensorAcknowledged,17004881696829494497,948517305357837335
SensorTriggered,17301934456698919873,237466026117021671
SensorTriggered,9225681358174708206,15827338106037906497
SensorAcknowledged,13713854151323465704,5917377921109510945
SensorTriggered,5904454937320873800,7375284915571812475
SensorOff,8044227675598861805,3291531461576437572
SensorOff,17172641347721462143,11139668806118127805
SensorOff,16377850006896723993,16622902725481283473
SensorTriggered,6403225657240469347,10146928298647138637
SensorOff,15262292635835078152,5412791993811738036
SensorAcknowledged,6353572924306331082,1738480618783321783
SensorOff,15995447014414661437,11980351353408741838
SensorAcknowledged,10451914496956443723,4925850882211319994
SensorOff,12427387063482970527,16669035787222839678
SensorOff,6809563655055152132,6141331151913451924
SensorTriggered,10836473147155480615,8162907414181419328
SensorOff,5849747529205343948,18149101185503386413
SensorAcknowledged,1818549697056384251,3804370242515184725
SensorTriggered,2548221751920931365,11497884146441287055
SensorAcknowledged,9943498239004903125,6596112039139893013
SensorOff,14615797100318882126,14545093835443327476
SensorTriggered,17274341499328832871,2512963575560310132
SensorOff,16939164714615830208,13746712099186697136
SensorOff,14545405366019072092,12372773435669273770
SensorOff,16383824401005236380,15584085036017195683
SensorAcknowledged,6949139548753060551,826429603774899595
SensorOff,3468059729292571826,13742693601500358010
SensorOff,16416839813764033322,2699924561297517922
SensorOff,6192733680291741232,3227221382212620558
SensorOff,18105642302802393733,7253331410775328755
SensorTriggered,9865879828408195536,17585730059540283957
SensorTriggered,658187282712168867,5338478280593693613
SensorOff,2303195780409125114,10125198483690029991
SensorOff,100499198078570088,10044507210903314677
SensorTriggered,4015790853100281449,3671800061497809347
SensorOff,15172310290708920637,1097099749008873011
SensorOff,8390064510476338509,7698306461261977693
SensorTriggered,17864635430169300125,16009600123593245217
SensorAcknowledged,15505696398541910508,5377083071868883465
SensorOff,2302017733933515837,4842623098901166246
SensorOff,15952762094883552565,16884205266885806122
SensorOff,7006868334332849414,2256150744928717930
SensorOff,8585615651341088236,5265406766998510137
SensorOff,17041442211677721564,11378952466738493112
SensorAcknowledged,7069652307174128379,5738848127925395307
SensorOff,9441368639723488187,15087901837622328061
SensorOff,9748278515368697650,3884751579178298451
SensorTriggered,14173632678791332979,18070063341713012779
SensorTriggered,6688142757302548603,18062223661438004952
SensorAcknowledged,5161145106710716071,3436196248473157929
SensorAcknowledged,12048320082860476125,6418672517471909898
SensorAcknowledged,14425333021790360944,15900402699497281718
SensorOff,18281293290645591789,12655735586038744291
SensorTriggered,17775511804275583725,1057530760594931641
SensorTriggered,6322453222821547900,15062049014556684245
SensorAcknowledged,15694699219102601734,13314894867775813891
SensorAcknowledged,8202909948606766628,8173921265501551813
SensorOff,5222220154957695106,6858553142298059291
SensorAcknowledged,15491689783797330880,6466493822892039571
SensorOff,5264475567871099852,11117052375812035809
SensorAcknowledged,16682102533284043998,341652854824534534
SensorTriggered,13662763292337614035,16176617997250884252
SensorTriggered,6791417238459984506,2937352951281735347
SensorAcknowledged,4160441017384632601,5160430590647964010
SensorOff,12455632353508713894,4637306097932862074
SensorOff,17853807836916960313,6866309074480444620
SensorOff,17584213041541004142,4301568141651990191
SensorTriggered,7562466682599552216,16950877380996242568
SensorAcknowledged,4977055494090944619,15345679813963024742
SensorOff,4860444121420421051,13631456552015207934
SensorTriggered,13579931269224058959,927139650654970573
SensorOff,5241471905853640668,597939139265483426
SensorOff,4930614315266239286,14916404872167145522
SensorTriggered,2783814940541909940,9956475939385854148
SensorAcknowledged,17078471855046524506,4540117441608867080
SensorAcknowledged,566508056633026358,11560629150434482939
SensorAcknowledged,1582399274789094482,505087565686311856
SensorAcknowledged,17173223781997080088,5115980570065270645
SensorOff,8740228251892197650,17129518537646079009
SensorOff,15226652472118025322,2668764874590713425
SensorAcknowledged,2494856552322938603,3683224677423482404
SensorTriggered,17961829019036190826,17475907943639226404
SensorOff,13941538750304522934,12757156369413142198
SensorAcknowledged,2117347654400837168,16612927049507935861
SensorOff,3929674601370003377,17413961433084202599
SensorTriggered,1083709274580325942,10437785839806560446
SensorOff,18349430082495984500,5328124711557648328
SensorAcknowledged,4765681437580762485,15653759051182249395
SensorOff,7510966009297100103,4803304006956921081
SensorOff,10864305906609480144,12167014184605227892
SensorTriggered,923474322162663633,10244336246483523693
SensorOff,5302691497348336437,9440360417978443442
SensorAcknowledged,7798001959530251771,4386440462125346036
SensorTriggered,67575321331543267,5240895953365759283
SensorOff,7599294134089169674,10354140526073372843
SensorOff,9287998145355405305,5194926369452522470
SensorOff,2413799099034230820,6337647553734409028
SensorOff,16816518695499376771,8936105780767738157
SensorTriggered,14242593036895887131,11851966017832721169
SensorAcknowledged,10568504590094089033,14812057816698502889
SensorOff,14406501334213427322,16641841286041484245
SensorOff,527557432672040229,9704824576573212439
SensorTriggered,15674995796783297588,13274057879485987166
SensorOff,7329497248181854432,14789357342640871099
SensorAcknowledged,8261574632970857615,2005375271554690091
SensorOff,7895285662901667908,9711293102263357162
SensorOff,16468787107319339300,402274357735159614
SensorAcknowledged,7395589336357660088,14305720558495147006
SensorOff,17610248823174089825,7997509693713683587
SensorOff,17414452414869734983,2532854514047943723
SensorOff,10233740514619841830,8448509076624210259
SensorTriggered,8260317931767624028,7947661443809159862
SensorAcknowledged,15081147341194506559,13134050818024229876
SensorOff,1865214916117572993,6779719834267685620
SensorTriggered,13061303300830843730,14956396742396098501
SensorOff,916368126327379271,17519137696403011217
SensorOff,9306669473934709658,5872096941222713466
SensorOff,28844990808636288,6339032070512658426
SensorTriggered,3545068057685793218,14862123716899207390
SensorOff,8146572641493174691,16567685115423178855
SensorOff,3499019169928613774,11335758233681969310
SensorOff,5482472706961284596,9262983432755126421
SensorOff,15570980719011796311,3403303232975011107
SensorOff,7880663196099552143,1269015999579105064
SensorOff,17280244103058993946,10429865759114592334
SensorAcknowledged,17343054524123780439,16188597657745983760
SensorOff,14925220055514924455,11046930059920989818
SensorAcknowledged,12488359539849333409,2404342563661958783
SensorOff,11687459919780714845,9670386539359286496
SensorOff,5233370856268953713,17072146391408020339
SensorOff,9970736968586826108,8093651792013433508
SensorOff,4760003121285386139,10250848330732811710
SensorAcknowledged,9964613209892663448,4824786175039958266
SensorOff,9524262847907783507,16128581478648008812
SensorOff,7870643115210761581,6469469270354378165
SensorTriggered,3526926628404937980,14881549567770168419
SensorAcknowledged,2246620114166923962,11110795413181695152
SensorTriggered,12158106196602078542,4446945971522074695
SensorAcknowledged,16630701074075826669,6333398809421272012
SensorAcknowledged,6690848624482388519,12940248539174526835
SensorOff,485796023046620384,7040402395236553312
SensorOff,18044129250828642452,18287222332220564500
SensorOff,3037597389516352989,2482609936775351195
SensorTriggered,10981698878072591272,18049488572077358867
SensorAcknowledged,5022830226191400660,14519006043566110922
SensorOff,5763316051679191901,14995951307822747916
SensorAcknowledged,54326467111654220,8726140772083971333
SensorAcknowledged,16287642633875450173,6579980270974799644
SensorAcknowledged,13316174018367995126,6627604603937940352
SensorOff,10107428360664127575,5712241069586107705
SensorTriggered,517292194052001583,16295944982687136685
SensorAcknowledged,5635265447559260604,11214980463806286532
SensorOff,14968741739679698070,4800562460770034711
SensorAcknowledged,2380961958605570932,7185175570056951770
SensorOff,378044598566328464,8286419886367179509
SensorOff,8474677787155591757,17317669413031568032
SensorAcknowledged,15499675147252947726,17324970882662065836
SensorOff,9612111981722517533,3625271431261519986
SensorTriggered,6354312952256090571,6154682309942033277
SensorTriggered,10177762613293028389,301867139409295806
SensorOff,5485145268736273000,3343863474883724402
SensorTriggered,15627814348606194644,5620903093192724250
SensorAcknowledged,2970217072888622424,13781048468728442382
SensorAcknowledged,3858156431138539197,4540896072071478572
SensorOff,5482230354704233140,10057707328642422181
SensorOff,9503593043813256680,10691568936447495276
SensorAcknowledged,2069915953348762916,12415315549413325629
SensorAcknowledged,8854669532070909537,15708732030628395029
SensorOff,10826686049617666139,4958107855864948439
SensorAcknowledged,11444702816062776912,7877051566011237558
SensorOff,10708704186705554606,7184213410969998450
SensorOff,17683114468174354512,9057841399309174909
SensorOff,17219061818305194465,6938296926768828246
SensorOff,14702133117017124409,448957224294369289
SensorOff,18273781946989887706,16682379577588320952
SensorOff,17508062403416683334,7351434636107870905
SensorOff,1489814794625571813,14050785071258626258
SensorTriggered,10840424331491286881,7408623891716568064
SensorTriggered,15471637441559406272,4540407581605305079
SensorAcknowledged,4514470483113596330,471983699526990892
SensorAcknowledged,8455116193852158433,3453846886492262702
SensorOff,6416272250526035027,18379454505936974248
SensorAcknowledged,12066103507237193574,4299063413455522810
SensorOff,15711125798451426384,5636204658894860835
SensorTriggered,17435142773556852561,15105768565740463750
SensorOff,7705695775679272709,11213015107650849666
SensorAcknowledged,7086885261692940848,14336555619200942494
SensorOff,13874438838803061828,7052343357569073550
SensorAcknowledged,10091730167647186018,14763520046103453177
SensorOff,17117572511325114228,2243325961161350277
SensorTriggered,2733481139691994090,5810870370165599817
SensorOff,18373027655651909210,9888457549895391559
SensorOff,3902784714017784536,717880036844163683
SensorOff,3622631762097118982,9849867800062761701
SensorTriggered,7276656868945338961,14037924819633444950
SensorOff,859853056828477780,1406976016246660852
SensorTriggered,17918524351256689817,13750523799704717493
SensorOff,10242146860919342887,5992018651871925028
SensorOff,977675888221128624,16708406720327395318
SensorAcknowledged,11568424988685350521,8551856982658908049
SensorTriggered,3481162517817154418,14408959618035486556
SensorOff,13757787846221638013,2439166660567501343
SensorOff,3919707209849624085,13316453018622399979
SensorAcknowledged,10379368137759629020,5094757674567264298
SensorTriggered,2876415217191293593,11606330308283798924
SensorAcknowledged,13880584592220510687,10250597554696015416
SensorAcknowledged,12757354847331036153,8690817994147670794
SensorOff,5388916445921650312,17047274669909838173
SensorAcknowledged,17287128454730984679,5737637977157259207
SensorOff,13640765015272917026,10323981758176692508
SensorOff,289841786695181811,3987452609371184925
SensorTriggered,5196132467160776248,5927796192157190305
SensorAcknowledged,16744666916227923716,5040173282657240215
SensorAcknowledged,15757512267863891499,16504646461029774252
SensorOff,3904712367960094974,3184734808270853732
SensorTriggered,12114215124690547026,15457777428058428487
SensorOff,5218209257045109623,14014967412125567801
SensorOff,10904103630974314373,6960792034068779684
SensorOff,3644964341302029179,17260154005397684008
SensorTriggered,14934529267911879387,7394906638713087975
SensorTriggered,15519527557444459081,11707238429314800358
SensorOff,12587257110660418655,15345148052717049405
SensorAcknowledged,12688622116212659504,1097380368575633595
SensorAcknowledged,16044594124365172065,12147352005318743338
SensorOff,2995009265346397336,8760621562192382252
SensorOff,5720494700766516088,15089107916754175588
SensorTriggered,630452345022551698,13281571702934890971
SensorTriggered,5443909544773644523,12911921218005318444
SensorTriggered,7158527414882855621,4206517843760819260
SensorAcknowledged,15594042661332155271,12798734562906456974
SensorOff,5073750177009125284,18431767990161374426
SensorOff,6388330381142061219,10406387649122382638
SensorTriggered,4050790477858974440,16977012129633608980
SensorOff,12234824301718290084,2626676014980571600
SensorAcknowledged,15302880004800768971,9618012695989557047
SensorOff,6495549603716777772,9411010584960036352
SensorTriggered,10162283040144957274,9726672141949054183
SensorAcknowledged,9480912546652748333,11692691331343357751
SensorOff,8466947300918093952,9886302563910667582
SensorOff,7470626834866179090,5338148531800843637
SensorOff,12573532046997136255,10291550445416062699
SensorAcknowledged,10210210670204504362,7921640988717667110
SensorAcknowledged,4292707187076135475,9203111897298203904
SensorTriggered,16261563661534518576,8871548503090572740
SensorOff,2161883202223672665,2741804886052305296
SensorOff,14537130964934334568,2682638623875483481
SensorOff,9545670353004678374,7667051707936847845
SensorTriggered,17680245259345590660,4773768809775288131
SensorAcknowledged,14234651516075525755,14247496575557157777
SensorAcknowledged,3443811592175639965,17705598358721708763
SensorOff,2666547146792616200,137724699866504299
SensorTriggered,16465206751916906682,6647859272001518309
SensorAcknowledged,1916616704302775703,10702796456067534176
SensorOff,18433318243968801724,5155378241213824161
SensorTriggered,10140722113335116389,5573048914896005354
SensorOff,11415547063691085553,4898627790217357409
SensorAcknowledged,17330135622190484449,10825987603892498712
SensorOff,8766133428717541740,7833861493988582129
SensorOff,17416166710577554739,12938387064016715033
SensorAcknowledged,423828580076300041,15433041017227827393
SensorOff,1393024672549953921,10158711026193154758
SensorOff,4338154253514933763,1788500891095594370
SensorOff,14855702091518130632,42488696203841172
SensorOff,1004099398508964786,14131248897354752003
SensorTriggered,11954105757051792836,3000990068761701189
SensorTriggered,17877041410442525280,9542610357330231799
SensorOff,18201563513124307014,10170815602936902036
SensorTriggered,11402515172695541121,7314104179974810150
SensorAcknowledged,12750088399688325677,16289606510587733159
SensorTriggered,10146455539413067263,2574587857754519432
SensorTriggered,18356483483271381831,8352016872177855321
SensorOff,8147593158561320778,794095484903243054
SensorTriggered,14204807244728870046,18158676048113629078
SensorOff,3341720519371919380,5055807404956030439
SensorOff,11026120854404885917,13892891013261432303
SensorOff,15679708950625362567,13383527738574218975
SensorTriggered,3902687080030060726,7476176475784314434
SensorOff,9101945682182483062,5814513494579315783
SensorTriggered,7040943933628228317,5632474915604183160
SensorAcknowledged,17991941650059687237,14813374622855036921
SensorTriggered,17475537612753625445,16477503358137284923
SensorOff,7110413429554603181,9373796178357845201
SensorAcknowledged,2215925025658210770,7169127517717923516
SensorTriggered,13894394685513823268,2838260534105063801
SensorAcknowledged,15322939667239659865,16583601785881914348
SensorAcknowledged,5358989636835675758,16981908516764714571
SensorOff,16744056806570971687,18321921880687585941
SensorOff,16929373682192907884,13259580132793983500
SensorOff,16104980324821068645,12957030649031336574
SensorTriggered,2746156630012687285,15789778829169135865
SensorOff,8585951022046208515,13467105537101408419
SensorAcknowledged,9767740136538196973,6485278452249852981
SensorTriggered,7027178123399238285,6472419528981405118
SensorTriggered,643765859794708622,12844443630360742178
SensorOff,1843287815575692371,17701771348004701184
SensorOff,15633079354484764918,12321832009855732467
SensorOff,10645293114493997228,11596677132878957690
SensorOff,9923591648629389912,3183909553534306666
SensorTriggered,12701186951289899635,4418208174532945876
SensorTriggered,4273952658149902914,1814003998511411135
SensorTriggered,2296790789494873980,7293336133716963833
SensorTriggered,13314269238552867038,14601772745330623187
SensorTriggered,7213014764528950991,12744620995235187584
SensorTriggered,6906063634627681819,2990839325221081327
SensorTriggered,9095926353958337350,13341878617678739405
SensorTriggered,2131442460012830016,14442466927580482951
SensorAcknowledged,9444584753683173045,233536709932099452
SensorTriggered,2419795209721225371,5706751393255092922
SensorTriggered,1717614718793630781,14285600344976926018
SensorAcknowledged,3568413259150081420,2358151410140529021
SensorAcknowledged,1461718007687353248,15294449017457371555
SensorOff,1135102115364989926,11635617372105114644
SensorAcknowledged,13119632811584016517,4059371063665747951
SensorAcknowledged,11206411882880215247,18041859485503776599
SensorOff,16515313230365849891,10410587507558161648
SensorOff,1850721123979088329,8223422006056611620
SensorOff,548113113307603721,1249013609153543990
SensorOff,556520187201202558,4819312677402833120
SensorTriggered,619990589037505773,16002654436421397763
SensorAcknowledged,16788109416349360696,8053428297027135335
SensorOff,14710066358708994928,7215790188948224944
SensorTriggered,2685592660705908839,6226950717841171554
SensorAcknowledged,16854121849928220780,1276379425045352738
SensorTriggered,16655089651769745905,1941461290319897552
SensorOff,16540240112626296400,2786687526000320156
SensorTriggered,15609967307700711935,6209005301775249643
SensorTriggered,17884338191235748230,9914551651490550422
SensorOff,17804885460349562940,16317619340934028696
SensorTriggered,12422488474098039108,7828662650971835556
SensorOff,4496923325096602564,14337438952707982730
SensorTriggered,18267329631100292381,6807843070667449701
SensorAcknowledged,7019841434813084492,8325739361326328621
SensorOff,4462223432934050285,12816699237646103093
SensorOff,10078947135713127260,11117495418623889624
SensorOff,439946986446100832,6538856712232775893
SensorAcknowledged,7363024155998262584,12709336595760498946
SensorTriggered,8823495086621816480,13893296489841180145
SensorAcknowledged,13782337966001141152,1004464475604431478
SensorOff,3027668635787018911,13195018468640081698
SensorAcknowledged,102040763655350011,11282945569706431864
SensorOff,6543924753257481084,2402331417181456048
SensorOff,11645054910463867406,13594085181733700954
SensorOff,4516629264504078275,10994944176886660637
SensorTriggered,11834594837047834562,13196047774639419524
SensorTriggered,4388410644691280141,10229910961542137396
SensorOff,15732342057763054080,5573299454116870211
SensorOff,12509215646716810943,16091531026461957809
SensorOff,13344510770122568883,178491934202939938
SensorAcknowledged,2136896534786807264,17905762322515083460
SensorTriggered,15203137849630072230,10146638806681001544
SensorOff,1597211324424081522,9257938929492850912
SensorTriggered,14343102364486688689,15633840865233906049
SensorTriggered,10510665939682661585,4992328584272230885
SensorTriggered,14425170979633203190,13497898767742937651
SensorTriggered,11611868771631182394,11843461499457845576
SensorTriggered,3416414274930310125,7461958136478010291
SensorAcknowledged,11956240828101166713,2256353316767034622
SensorTriggered,10841723360153232097,15575931948722535212
SensorTriggered,2710815725788679384,4925620700700549116
SensorAcknowledged,3196078202121533453,8948951662277038572
SensorOff,775947142795237867,6721627521379200318
SensorAcknowledged,16267281343641235893,1664887720419214043
SensorTriggered,13287021869871702729,3921851094610336442
SensorOff,14571848865491070323,6140161958712222221
SensorOff,8729582216377294231,17517617961873355873
SensorTriggered,9049004543537108975,1515307979824528216
SensorTriggered,6065362254357523083,16673787200296161153
SensorTriggered,14896104885555025577,11305078631209145747
SensorAcknowledged,11801692199625858514,6673612675907004386
SensorOff,13258679735613092810,4534262085577889329
SensorOff,2801193803526188266,9389873369589375775
SensorOff,12727898164911516299,3517193389448934384
SensorTriggered,15749715021692646774,17348532240528399074
SensorTriggered,17429518336620852940,7366228685108509614
SensorOff,9799373326239386975,8448185161305802118
SensorOff,13670822605745773196,17428978509584647867
SensorOff,4041320291401694578,4824458566796078074
SensorOff,2845096273396623393,12832713787781247207
SensorOff,16944096324157060263,11133396440086395098
SensorTriggered,15676848332645226799,15488826350950507995
SensorTriggered,7065628626799279238,15392407302373583937
SensorAcknowledged,5714898155216322954,17175440385261922050
SensorOff,599241098448318096,2508814335388440822
SensorAcknowledged,16189612211841209279,9921150311724620123
SensorTriggered,12944563703833960320,9992072276867256528
SensorAcknowledged,3694651341987999374,9942028387702190909
SensorOff,6523248611275377806,8928537128691975036
SensorOff,13193645396441786208,1874400656328894137
SensorTriggered,5533834307732239383,14211825490211533734
SensorTriggered,6833460865314248587,12161419190957824430
SensorTriggered,14291693386875182221,3513896307352758336
SensorAcknowledged,7293988171321150698,7919695277042656399
SensorOff,16097735622141229877,8347046741520703474
SensorTriggered,1318999003465122725,9081726173450410828
SensorTriggered,16463053158553115231,12712017844748850747
SensorTriggered,5628427981010725251,329667496275500413
SensorOff,15550546069390240356,10667479416478804670
SensorTriggered,7331348224688266738,12940038316671886626
SensorOff,13142282183123941288,12589558368617782229
SensorOff,2335495869345554195,9245308423139695670
SensorTriggered,14850803394623697085,17352967242165701046
SensorOff,14175726708447845666,1405109158796742598
SensorTriggered,3724296823953623559,16434667646127156971
SensorTriggered,10933910068429085064,8205227040967975908
SensorOff,11047098417262302587,11769854411648186027
SensorTriggered,11393009401645503884,17429703553879029862
SensorOff,8813145978145759647,2828856157888243506
SensorAcknowledged,15815001569879776145,8295116217910475762
SensorOff,13454103260777922993,5846540170034290602
SensorOff,4689590743334992192,7855141007619435922
SensorOff,15567561922194464621,747279485575836539
SensorOff,7571060856122212513,14895649544269382135
SensorTriggered,7628237692771407360,8850893442609717859
SensorTriggered,7191734337920750441,8663342305534389431
SensorOff,11707250307714309340,4570601396939241356
SensorOff,7566595889047238366,17039938684699553109
SensorAcknowledged,15957645106824067624,3255722165251869657
SensorOff,9617964438837454571,14749634557376201406
SensorOff,2466252378511143908,17918514030678512109
SensorAcknowledged,6249904245308774888,12460012340320761106
SensorAcknowledged,6561525650289913491,10555778682256617642
SensorTriggered,13015977473671881535,9898266276986958805
SensorOff,2786245237082947713,17758280409823022810
SensorAcknowledged,2947865681682434139,10759131472438214465
SensorAcknowledged,756771678363770818,1258020749492145575
SensorOff,10384475697602349753,10732584364196307956
SensorOff,14048683190652095289,4357236706554640753
SensorOff,2082839787279541750,16619749244374469608
SensorOff,18405649909240068574,2448831258656956104
SensorTriggered,2321328140083034773,4140907212964105563
SensorOff,15506178780061744426,14276520277627203466
SensorTriggered,9966945162084080481,5041302368513153867
SensorOff,3615389939678430322,10902635432838835428
SensorOff,11596678113777490594,1649038067581825493
SensorOff,13446974277621115761,667746338126327404
SensorOff,5977031469671380366,13841223438127445476
SensorTriggered,18123170960672958090,14513338465602214656
SensorAcknowledged,16363074072244232803,10069412787033511594
SensorOff,4234567169464418964,11444323024003101325
SensorOff,2350026003250528859,3595159101784949681
SensorOff,852288766468379678,11501303294407170575
SensorOff,12228501702140690757,899221898169948341
SensorAcknowledged,3170162439960749671,15905770471995704295
SensorOff,17809739989745663004,13664602375091255518
SensorTriggered,1858800631348630014,7496622043862378310
SensorAcknowledged,13670592409173046077,15257740701615792005
SensorTriggered,569171968668340221,10691871812801526447
SensorOff,5580400091917353768,12130751829153531079
SensorOff,7104073104765333596,3427587718148039906
SensorAcknowledged,15913391556873026552,550668364499088419
SensorAcknowledged,2771884363694226256,13051104792658955286
SensorOff,10184133745995059221,6576628932468800628
SensorOff,17324987939620626740,8439008499772834789
SensorTriggered,4702623502959826460,13342856935315109664
SensorOff,17894995595127051499,15434996355654305820
SensorOff,76067741221520676,16095789609004180593
SensorOff,5368788642837642076,13873359710910900021
SensorOff,6946637670514751044,13551161923936303467
SensorTriggered,4962062151114946397,16270694299930575378
SensorTriggered,5899065213137043741,256050916476200541
SensorTriggered,2991043212530790233,9014536856237224057
SensorAcknowledged,1883376014516211035,6827918181746910511
SensorTriggered,13215253672628826338,9325267188157969922
SensorOff,1888553468371845672,13465639964648884783
SensorOff,607086570693262520,13830177077500278696
SensorTriggered,14102582832092816895,12431098212921291172
SensorAcknowledged,487873535466353892,15471446906141858709
SensorAcknowledged,1830516119212450394,3360627357477540974
SensorOff,13463447700671164028,18221661406757374467
SensorOff,13410514917111142360,10261100013488703776
SensorTriggered,223543112093054603,14207063242213573925
SensorTriggered,10709716435723847675,16851111471335120458
SensorOff,2475579519069232802,18425981689395787856
SensorAcknowledged,13310416811849968268,15230314509705037864
SensorTriggered,11180050088117849007,14232626390349413040
SensorOff,8421722324795222641,5459228040802052098
SensorTriggered,9396044166796793376,18164610248104078982
SensorOff,6006299781769704296,4594685723472156922
SensorTriggered,15560554093578782080,7477821925120243277
SensorOff,3308464434846060065,10339489535847366672
SensorOff,2886415667941450438,13709405803471284168
SensorTriggered,452984769305117899,4289708153103592061
SensorTriggered,4355329125396633600,3052759195015580203
SensorOff,15197001975447813138,2510037940496434844
SensorTriggered,4696658512892957229,5338159983612054575
SensorTriggered,7399982127142065368,8683838968659197153
SensorOff,9085382646268039928,925348415945522159
SensorTriggered,14580903359610733348,18037398148330262832
SensorAcknowledged,16403079008220493257,2834230350549104123
SensorAcknowledged,3533946893951158962,17289182569766276202
SensorOff,15831006828321261553,1416052148884923211
SensorOff,3637544021694936988,10837036300181440736
SensorOff,5790190713795795396,15040015866954334537
SensorTriggered,4924767986360145299,6230411681821442638
SensorAcknowledged,602659044312957142,5296828949356299704
SensorOff,18078877795389067112,4857166491756271296
SensorTriggered,15763296135560800549,4726827305088895948
SensorAcknowledged,2685075244494008862,15717640816121060655
SensorOff,5235638414292031700,18221420198926999662
SensorTriggered,7852009508911550710,10111677507653561679
SensorAcknowledged,13569041899175249337,2342126700116620077
SensorAcknowledged,2288834009166349455,1821903892423962510
SensorOff,14300400400187541831,912034932846252022
SensorOff,8220962430463547842,11626419935549144553
SensorTriggered,10193309697193089211,4063146883230562637
SensorOff,2199398299115070196,8764336440929697228
SensorTriggered,6319406463464386051,9769638565999740729
SensorOff,8221359414843302156,347572931718271528
SensorAcknowledged,2907433984858061612,17320353053232066811
SensorOff,11891532147830134542,14854316607892862371
SensorTriggered,6566895285526529992,13736366270810553065
SensorTriggered,15960032929934484025,15464805167032875493
SensorOff,11317270115709631998,11538615364698809470
SensorAcknowledged,4360680895463118927,12154312285942866940
SensorAcknowledged,4065338525364969364,5171716357598792926
SensorOff,13059820292228036185,2976297760645856059
SensorOff,1204991076463221058,15611938214158412019
SensorAcknowledged,10634282118593637882,11775861923674944757
SensorOff,9761910075962886562,10519790325766637150
SensorOff,3184039919178058441,17526223434876071105
SensorOff,10394779173154647797,11489707658728722052
SensorAcknowledged,15951507556227447336,3602724795172469532
SensorTriggered,3462248498319121619,15966396222727924625
SensorTriggered,387682542263717539,13682748540568752689
SensorOff,2582093412067412280,16859112511614218969
SensorTriggered,2506782159750417628,11950803676199882824
SensorAcknowledged,5298885062441153626,15233491968659058412
SensorOff,4848298735099141515,12425757758261413782
SensorOff,16894873601571746049,8008137229362568321
SensorOff,11003394059019113205,9581258123044474840
SensorTriggered,164040672134373862,13542273480916395332
SensorTriggered,17684425046564792224,15892351248741866158
SensorAcknowledged,17881154063467119472,17963026001971527167
SensorOff,16074889286485313156,6702749607765811157
SensorTriggered,16200271119982536017,9976958493078172710
SensorOff,9008965573789379343,8446154725026895436
SensorTriggered,13506658294982639354,13042865483515179352
